postid,id,name,email,body
101,501,name101501,name101501@email.com,body for name101501
101,502,name101502,name101502@email.com,body for name101502
101,503,name101503,name101503@email.com,body for name101503
102,504,name101504,name101504@email.com,body for name101504
102,505,name101505,name101505@email.com,body for name101505
102,506,name101506,name101506@email.com,body for name101506
102,507,name101507,name101507@email.com,body for name101507
102,508,name101508,name101508@email.com,body for name101508
103,509,name101509,name101509@email.com,body for name101509
104,510,name101510,name101510@email.com,body for name101510
